identifiant,nom,image,description,id_utilisateur
3,"Splash Mountain",https://cdn1.parksmedia.wdprapps.disney.com/media/blog/wp-content/uploads/2019/07/inmbcvfxdrsewFI.jpg,"Une attraction rafraichissante qui vous aidera à vaincre la chaleur de l'été.",65e6f7c85c696
4,"Haunted Mansion",https://cdn1.parksmedia.wdprapps.disney.com/resize/mwImage/1/1600/900/75/dam/disneyland/attractions/haunted-mansion/hanted-mansion-exterior-16x9.jpg?1699631836595,"Une balade fantomatique à travers une maison hantée qui vous fera trembler de peur.",65e6f7c85c696
5,"It's a Small World",https://offloadmedia.feverup.com/parissecret.com/wp-content/uploads/2023/01/16121506/KV-its-a-small-world-1024x684.jpg,"Une croisière paisible à travers des scènes animées qui ravira petits et grands.",65e6f7c85c696
2,"Pirate des Caraïbes",https://cdn1.parksmedia.wdprapps.disney.com/media/blog/wp-content/uploads/2017/06/POTCDLP1280.jpg,"Vous serez plongés dans l'univers époustouflant de vos films préférés.",65e6f7c85c696
10,"Auto Tamponneuse",https://maville.com/photosmvi/2019/10/05/P21282026D3859749G.jpg,"Certains vous disent que vous conduisez mal? Ici, tout est permi ! Emboutissez vos adversaires !",65e6f36aba91f
1,"Space Mountain",https://www.businessmarches.com/wp-content/uploads/2017/04/1.jpg,"Un voyage interstellaire qui ravira petits et grands",65e7064fe8de8
2,"Pirate des Caraïbes",https://cdn1.parksmedia.wdprapps.disney.com/media/blog/wp-content/uploads/2017/06/POTCDLP1280.jpg,"Vous serez plongés dans l'univers époustouflant de vos films préférés.",65e7064fe8de8
8,"Expedition Everest",https://www.disneyfoodblog.com/wp-content/uploads/2023/05/2023-wdw-dak-ride-expedition-everest.jpg,"Des montagnes russes à travers l'Himalaya qui vous feront peut être rencontrer le Yeti.",65e730307fe44
11,"Grande Galère",https://www.parcasterix.fr/sites/default/files/styles/attraction_slider_bloc/public/images/attractions/la%20gal%C3%A8re_0.jpg.webp?itok=lr_1yA5j,"Une attraction qui vous permettra de vous immerger dans la vie d'un pendule.",65e730307fe44
1,"Space Mountain",https://www.businessmarches.com/wp-content/uploads/2017/04/1.jpg,"Un voyage interstellaire qui ravira petits et grands",65e730307fe44
5,"It's a Small World",https://offloadmedia.feverup.com/parissecret.com/wp-content/uploads/2023/01/16121506/KV-its-a-small-world-1024x684.jpg,"Une croisière paisible à travers des scènes animées qui ravira petits et grands.",65e730307fe44
8,"Expedition Everest",https://www.disneyfoodblog.com/wp-content/uploads/2023/05/2023-wdw-dak-ride-expedition-everest.jpg,"Des montagnes russes à travers l'Himalaya qui vous feront peut être rencontrer le Yeti.",65e83cdf0fb20
5,"It's a Small World",https://offloadmedia.feverup.com/parissecret.com/wp-content/uploads/2023/01/16121506/KV-its-a-small-world-1024x684.jpg,"Une croisière paisible à travers des scènes animées qui ravira petits et grands.",65e83cdf0fb20
1,"Space Mountain",https://www.businessmarches.com/wp-content/uploads/2017/04/1.jpg,"Un voyage interstellaire qui ravira petits et grands",65e83cdf0fb20
2,"Pirate des Caraïbes",https://cdn1.parksmedia.wdprapps.disney.com/media/blog/wp-content/uploads/2017/06/POTCDLP1280.jpg,"Vous serez plongés dans l'univers époustouflant de vos films préférés.",65e83cdf0fb20
3,"Splash Mountain",https://cdn1.parksmedia.wdprapps.disney.com/media/blog/wp-content/uploads/2019/07/inmbcvfxdrsewFI.jpg,"Une attraction rafraichissante qui vous aidera à vaincre la chaleur de l'été.",65e6e9b23ee58
4,"Haunted Mansion",https://cdn1.parksmedia.wdprapps.disney.com/resize/mwImage/1/1600/900/75/dam/disneyland/attractions/haunted-mansion/hanted-mansion-exterior-16x9.jpg?1699631836595,"Une balade fantomatique à travers une maison hantée qui vous fera trembler de peur.",65e6e9b23ee58
5,"It's a Small World",https://offloadmedia.feverup.com/parissecret.com/wp-content/uploads/2023/01/16121506/KV-its-a-small-world-1024x684.jpg,"Une croisière paisible à travers des scènes animées qui ravira petits et grands.",65e6e9b23ee58
10,"Auto Tamponneuse",https://maville.com/photosmvi/2019/10/05/P21282026D3859749G.jpg,"Certains vous disent que vous conduisez mal? Ici, tout est permi ! Emboutissez vos adversaires !",65e6e9b23ee58
10,"Auto Tamponneuse",https://maville.com/photosmvi/2019/10/05/P21282026D3859749G.jpg,"Certains vous disent que vous conduisez mal? Ici, tout est permi ! Emboutissez vos adversaires !",65e855e7eaea1
7,"Harry Potter and the Forbidden Journey",https://ca-times.brightspotcdn.com/dims4/default/89948c6/2147483647/strip/true/crop/2048x1361+0+0/resize/1200x797!/quality/75/?url=https%3A%2F%2Fcalifornia-times-brightspot.s3.amazonaws.com%2F28%2Ff7%2F3024e62265a8a32fa6f6afed2e90%2Fla-2455228-et-wizardingworldreview-05-jpg-20160406,"Une simulation volante à travers Poudlar qui vous fera vous sentir comme un vrai sorcier.",65e855b37ca68
2,"Pirate des Caraïbes",https://cdn1.parksmedia.wdprapps.disney.com/media/blog/wp-content/uploads/2017/06/POTCDLP1280.jpg,"Vous serez plongés dans l'univers époustouflant de vos films préférés.",65e855b37ca68
1,"Space Mountain",https://www.businessmarches.com/wp-content/uploads/2017/04/1.jpg,"Un voyage interstellaire qui ravira petits et grands",65e855b37ca68
3,"Splash Mountain",https://cdn1.parksmedia.wdprapps.disney.com/media/blog/wp-content/uploads/2019/07/inmbcvfxdrsewFI.jpg,"Une attraction rafraichissante qui vous aidera à vaincre la chaleur de l'été.",65e855b37ca68
4,"Haunted Mansion",https://cdn1.parksmedia.wdprapps.disney.com/resize/mwImage/1/1600/900/75/dam/disneyland/attractions/haunted-mansion/hanted-mansion-exterior-16x9.jpg?1699631836595,"Une balade fantomatique à travers une maison hantée qui vous fera trembler de peur.",65e855b37ca68
6,"Revenge of the Mummy",https://s7d2.scene7.com/is/image/TWCNews/n13_universal_orlando_revenge_of_the_mummy,"Montagne russes dans le noir inspirées par le film La Momie.",65e855b37ca68
5,"It's a Small World",https://offloadmedia.feverup.com/parissecret.com/wp-content/uploads/2023/01/16121506/KV-its-a-small-world-1024x684.jpg,"Une croisière paisible à travers des scènes animées qui ravira petits et grands.",65e855b37ca68
9,"Millennium Falcon : Smuggles Run",https://fr.web.img6.acsta.net/r_654_368/newsv7/19/02/28/11/45/1854358.jpg,"Prenez part à la guerre intergalactique contre l'Empire a bord du Faucon Millennium !",65e855b37ca68
10,"Auto Tamponneuse",https://maville.com/photosmvi/2019/10/05/P21282026D3859749G.jpg,"Certains vous disent que vous conduisez mal? Ici, tout est permi ! Emboutissez vos adversaires !",65e855b37ca68
8,"Expedition Everest",https://www.disneyfoodblog.com/wp-content/uploads/2023/05/2023-wdw-dak-ride-expedition-everest.jpg,"Des montagnes russes à travers l'Himalaya qui vous feront peut être rencontrer le Yeti.",65e855b37ca68
11,"Grande Galère",https://www.parcasterix.fr/sites/default/files/styles/attraction_slider_bloc/public/images/attractions/la%20gal%C3%A8re_0.jpg.webp?itok=lr_1yA5j,"Une attraction qui vous permettra de vous immerger dans la vie d'un pendule.",65e855b37ca68
,myriam,"https://www.thoughtco.com/thmb/SuveYjmc-r0wMBYj4QOea0cE7D0=/1488x2338/filters:fill(auto,1)/Twilight_book_cover-589fa4625f9b58819cb2e790.jpg",mymrrrr,65ead980c5be0
65eade7dd93cb,111,https://th.bing.com/th/id/OIP.Kx5UfK_bddEXfkgPgv2c2gHaLP?rs=1&pid=ImgDetMain,1111111,65ead980c5be0
3,"Splash Mountain",https://cdn1.parksmedia.wdprapps.disney.com/media/blog/wp-content/uploads/2019/07/inmbcvfxdrsewFI.jpg,"Une attraction rafraichissante qui vous aidera à vaincre la chaleur de l'été.",65ead980c5be0
